"","RMSE","Rsquared","MAE"
"RF Dummy",0.102398465681012,0.593520715954594,0.0601695363800868
"RF",0.100981810384054,0.615206964748438,0.058996120028084
"Treebag",0.115091092442576,0.494753352210653,0.0768184584482586
"BayesGLM",0.138312299147157,0.432915306606678,0.0866637112649171
